<?xml version="1.0" encoding="UTF-8"?>
<addon
  id="plugin.video.farfesh"
  version="1.0.5"
  name="Farfesh"
  provider-name="mfaraj@dreamoem.com">
 <requires>
        <import addon="xbmc.python" version="2.1.0" optional="true" />
		
        
		
  </requires>
  <extension point="xbmc.python.pluginsource"
             library="default.py">
    <provides>video</provides>
  </extension>
  <extension point="xbmc.addon.metadata">
    <summary>Farfesh.com Arabic plugin</summary>
    <description>Farfesh Arabic plugin.</description>
   
    <platform>all</platform>
  </extension>
</addon>