<?xml version="1.0" encoding="UTF-8"?>
<addon
  id="plugin.video.cima4up"
  version="1.0.3"
  name="cima4up"
  provider-name="Made by mfaraj,kldon,opesboy">
  <requires>
    <import addon="xbmc.python"
            version="1.1"/>
  </requires>
  <extension point="xbmc.python.pluginsource"
             library="default.py">
    <provides>video</provides>
  </extension>
  <extension point="xbmc.addon.metadata">
    <summary>MOVIES cima4upm</summary>
    <description>Arabic , Hollywood, European and Bollywood movies</description>
   
    <platform>all</platform>
  </extension>
</addon>
