<?xml version="1.0" encoding="UTF-8"?>
    <addon id="repository.TSmedia" name="TSmedia" version="1.0.0" provider-name="TSmedia team">
        <requires>
            <import addon="xbmc.addon" version="12.0.0"/>
        </requires>
        <extension point="xbmc.addon.repository" name="TSmedia">
            <info compressed="false">http://tunisia-dreambox.info/TSmedia/repo/addons.xml</info>
            <checksum>http://tunisia-dreambox.info/TSmedia/repo/addons.xml.md5</checksum>
            <datadir zip="true">http://tunisia-dreambox.info/TSmedia/repo/</datadir>
            <hashes>false</hashes>
        </extension>
        <extension point="xbmc.addon.metadata">
            <summary>Group of arabic addons for kodi</summary>
            <description>Collection of arabic addons created by TSmedia team for TSmedia and kodi</description>
            <platform>all</platform>
    </extension>
</addon>