<?xml version="1.0" encoding="UTF-8"?>
<addon
 id="plugin.video.shayef"
  version="1.0.3"
 name="Shayef"
 provider-name="mfaraj,opesboy">
 <requires>
        <import addon="xbmc.python" version="2.1.0" optional="true" />

        <import addon="script.module.addon.common"/>"
        <import addon="script.module.urlresolver"/>"
        <import addon="script.module.requests"/>"
  </requires>
  <extension point="xbmc.python.pluginsource"
            library="default.py">
    <provides>video</provides>
  </extension>
  <extension point="xbmc.addon.metadata">
    <summary> www.shayef.com </summary>
    <description> Series from from shayef.com </description>
   <platform>all</platform>
  </extension>
</addon>