<?xml version="1.0" encoding="UTF-8"?>
<addon
 id="plugin.video.arabseed"
  version="1.0.3"
 name="Arabseed"
 provider-name="TSmedia Team-mfaraj,opesboy,yassinov">
 <requires>
        <import addon="xbmc.python" version="2.1.0" optional="true" />

        <import addon="script.module.addon.common"/>"
        <import addon="script.module.urlresolver"/>"
        <import addon="script.module.requests"/>"
        <import addon="script.module.tsresolver"/>"
  </requires>
  <extension point="xbmc.python.pluginsource"
            library="default.py">
    <provides>video</provides>
  </extension>
  <extension point="xbmc.addon.metadata">
    <summary>  Arabseed.tv  </summary>
    <description>   videos from Arabseed.tv  </description>
   <platform>all</platform>
  </extension>
</addon>