<?xml version="1.0" encoding="UTF-8"?>
<addon
 id="plugin.video.shayef"
  version="1.0.7"
 name="shayef"
 provider-name="TSmedia Team">
 <requires>
        <import addon="xbmc.python" version="2.1.0" optional="true" />

        <import addon="script.module.addon.common"/>"
        <import addon="script.module.urlresolver"/>"
        <import addon="script.module.requests"/>"
        <import addon="script.module.tsresolver"/>"
  </requires>
  <extension point="xbmc.python.pluginsource"
            library="default.py">
    <provides>video</provides>
  </extension>
  <extension point="xbmc.addon.metadata">
    <summary>    shayef.net    </summary>
    <description>    videos from shayef.net    </description>
   <platform>all</platform>
  </extension>
</addon>