<?xml version="1.0" encoding="UTF-8"?>
<addon
 id="plugin.video.dardarkom"
  version="1.0.0"
 name="Dardarkom"
 provider-name="TSmedia Team">
 <requires>
        <import addon="xbmc.python" version="2.1.0" optional="true" />

        <import addon="script.module.addon.common"/>"
        <import addon="script.module.urlresolver"/>"
        <import addon="script.module.requests"/>"
        <import addon="script.module.tsresolver"/>"
  </requires>
  <extension point="xbmc.python.pluginsource"
            library="default.py">
    <provides>video</provides>
  </extension>
  <extension point="xbmc.addon.metadata">
    <summary>  dardarkom.com
http://www.darshow.com/  </summary>
    <description>  movies and tv shows from dardarkom and darshow  </description>
   <platform>all</platform>
  </extension>
</addon>