<?xml version="1.0" encoding="UTF-8"?>
    <addon id="repository.TSmedia" name="TSmedia" version="1.0.6" provider-name="mfaraj">
        <requires>
            <import addon="xbmc.addon" version="12.0.0"/>
        </requires>
        <extension point="xbmc.addon.repository" name="TSmedia">
            <info compressed="false">http://tunisia-dreambox.info/TSmedia/repo/addons.xml</info>
            <checksum>http://tunisia-dreambox.info/TSmedia/repo/addons.xml.md5</checksum>
            <datadir zip="true">http://tunisia-dreambox.info/TSmedia/repo/</datadir>
            <hashes>false</hashes>
        </extension>
        <extension point="xbmc.addon.metadata">
            <summary>collection_of_arabic_addons</summary>
            <description>Collection_of_arabic_addons_created_by_TSmedia_team_for_TSmedia_and_kodi</description>
            <platform>all</platform>
    </extension>
</addon>