<?xml version="1.0" encoding="UTF-8"?>
<addon id="plugin.video.tedtalks"
       name="Ted talks"
       version="1.0.1"
       provider-name="mfaraj,opesboy">
   <requires>
        <import addon="xbmc.python" version="2.1.0"/>
       
        <import addon="script.module.addon.common" version="2.0.0" />
        
    </requires>
  <extension point="xbmc.python.pluginsource"
            library="default.py">
        <provides>video</provides>
  </extension>
  <extension point="xbmc.addon.metadata">
    <summary>ted talks</summary>
    <description>ted talks</description>
    <platform>all</platform>
  </extension>
</addon>
