<?xml version="1.0" encoding="UTF-8"?>
<addon id="plugin.video.hakchouf"
       name="HakChouf"
       version="2.0.1"
       provider-name="mfaraj,opesboy">
   <requires>
    <import addon="xbmc.python" version="2.1.0"/>
	<import addon="script.module.addon.common" />
	<import addon="script.module.requests" />
	<import addon="script.module.urlresolver" />
  </requires>
  <extension point="xbmc.python.pluginsource"
            library="default.py">
        <provides>video</provides>
  </extension>
  <extension point="xbmc.addon.metadata">
    <summary>Movies and series from hakchouf.tv</summary>
    <description>Movies and series from hakchouf.tv</description>
    <platform>all</platform>
  </extension>
</addon>
