<?xml version="1.0" encoding="UTF-8"?>
<addon
 id="plugin.video.animekom"
  version="1.0.0"
 name="AnimeKom"
 provider-name="TSmedia Team">
 <requires>
        <import addon="xbmc.python" version="2.1.0" optional="true" />

        <import addon="script.module.addon.common"/>"
        <import addon="script.module.urlresolver"/>"
        <import addon="script.module.requests"/>"
  </requires>
  <extension point="xbmc.python.pluginsource"
            library="default.py">
    <provides>video</provides>
  </extension>
  <extension point="xbmc.addon.metadata">
    <summary>  animekom.com  </summary>
    <description>  videos from animekom.com  </description>
   <platform>all</platform>
  </extension>
</addon>