<?xml version="1.0" ?>
<server>
	<active>true</active>
	<changes>
		<change>
			<autor>Cmos</autor>
			<date>12/05/2017</date>
			<description>Corregido por cambios en el servidor</description>
		</change>
		<change>
			<autor>Cmos</autor>
			<date>07/02/2017</date>
			<description>Corregido por cambios en el servidor y adaptado al uso de httptools</description>
		</change>
		<change>
			<autor>Cmos</autor>
			<date>11/01/2017</date>
			<description>Reparado por cambios en el servidor</description>
		</change>
	</changes>
	<find_videos>
		<ignore_urls>
		</ignore_urls>
		<patterns>
			<pattern>(?:openload|oload).../(?:embed|f)/([0-9a-zA-Z-_]+)</pattern>
			<url>https://openload.co/embed/\1/</url>
		</patterns>
	</find_videos>
	<free>true</free>
	<id>openload</id>
	<name>openload</name>
	<premium>
		<value>realdebrid</value>
	</premium>
	<settings>
		<default>false</default>
		<enabled>true</enabled>
		<id>black_list</id>
		<label>Incluir en lista negra</label>
		<type>bool</type>
		<visible>true</visible>
	</settings>
	<settings>
		<default>100</default>
		<enabled>true</enabled>
		<id>favorites_servers_list</id>
		<label>Incluir en lista de favoritos</label>
		<lvalues>No</lvalues>
		<lvalues>1</lvalues>
		<lvalues>2</lvalues>
		<lvalues>3</lvalues>
		<lvalues>4</lvalues>
		<lvalues>5</lvalues>
		<type>list</type>
		<visible>false</visible>
	</settings>
	<thumbnail>http://media.tvalacarta.info/servers/server_openload.png</thumbnail>
	<update_url>https://raw.githubusercontent.com/streamondemand/plugin.video.streamondemand/master/servers/</update_url>
	<version>34</version>
</server>