<?xml version="1.0" ?>
<server>
	<active>true</active>
	<changes>
		<change>
			<autor></autor>
			<date>11/01/2017</date>
			<description>Reparado por cambios</description>
		</change>
	</changes>
	<find_videos>
		<ignore_urls>
		</ignore_urls>
		<patterns>
			<pattern>/video_ext.php\?oid=([^&]+)(?:&||)id=([^&]+)(?:&||)hash=([a-z0-9]+)</pattern>
			<url>http://vk.com/video_ext.php?oid=\1=\2=\3</url>
		</patterns>
		<patterns>
			<pattern>(vk\.[a-z]+\/video[0-9]+_[0-9]+)</pattern>
			<url>http://\1</url>
		</patterns>
	</find_videos>
	<free>true</free>
	<id>vk</id>
	<name>vk</name>
	<premium>
	</premium>
	<settings>
		<default>false</default>
		<enabled>true</enabled>
		<id>black_list</id>
		<label>Incluir en lista negra</label>
		<type>bool</type>
		<visible>true</visible>
	</settings>
	<settings>
		<default>100</default>
		<enabled>true</enabled>
		<id>favorites_servers_list</id>
		<label>Incluir en lista de favoritos</label>
		<lvalues>No</lvalues>
		<lvalues>1</lvalues>
		<lvalues>2</lvalues>
		<lvalues>3</lvalues>
		<lvalues>4</lvalues>
		<lvalues>5</lvalues>
		<type>list</type>
		<visible>false</visible>
	</settings>
	<thumbnail>http://media.tvalacarta.info/servers/server_vk.png</thumbnail>
	<update_url>https://raw.githubusercontent.com/streamondemand/plugin.video.streamondemand/master/servers/</update_url>
	<version>3</version>
</server>