<?xml version="1.0" encoding="UTF-8"?>
<addon
 id="plugin.video.akoam"
  version="3.1.0"
 name="Akoam"
 provider-name="TSmedia Team+yassinov">
 <requires>
        <import addon="xbmc.python" version="2.1.0" optional="true" />

        <import addon="script.module.addon.common"/>"
        <import addon="script.module.urlresolver"/>"
        <import addon="script.module.requests"/>"
  </requires>
  <extension point="xbmc.python.pluginsource"
            library="default.py">
    <provides>video</provides>
  </extension>
  <extension point="xbmc.addon.metadata">
    <summary>  thanks for yassinov for getting direct stream links  </summary>
    <description>  افلام ومسلسلات من موقع اكوام  </description>
   <platform>all</platform>
  </extension>
</addon>