<?xml version="1.0" encoding="UTF-8"?>
<addon
 id="plugin.video.karwan"
  version="1.0.5"
 name="karwan"
 provider-name="TSmedia Team">
 <requires>
        <import addon="xbmc.python" version="2.1.0" optional="true" />

        <import addon="script.module.requests"/>"
  </requires>
  <extension point="xbmc.python.pluginsource"
            library="default.py">
    <provides>video</provides>
  </extension>
  <extension point="xbmc.addon.metadata">
    <summary> karwan.com </summary>
    <description> videos from  karwan.tv </description>
   <platform>all</platform>
  </extension>
</addon>