<?xml version="1.0" encoding="UTF-8"?>
<addon
 id="plugin.video.dramacafe"
  version="1.1.1"
 name="DramaCafe"
 provider-name="TSmedia Team">
 <requires>
        <import addon="xbmc.python" version="2.1.0" optional="true" />

        <import addon="script.module.addon.common"/>"
        <import addon="script.module.urlresolver"/>"
        <import addon="script.module.requests"/>"
        <import addon="script.module.tsresolver"/>"
  </requires>
  <extension point="xbmc.python.pluginsource"
            library="default.py">
    <provides>video</provides>
  </extension>
  <extension point="xbmc.addon.metadata">
    <summary>   http://www.online.dramacaf   </summary>
    <description>   movies and drama from http://www.online.dramacafe.in
best source for movies   </description>
   <platform>all</platform>
  </extension>
</addon>