<?xml version="1.0" encoding="UTF-8"?>
<addon
 id="plugin.video.egybest"
  version="1.1.0"
 name="Egy.Best"
 provider-name="Made by mafraj,opesboy">
 <requires>
        <import addon="xbmc.python" version="2.1.0" optional="true" />

        <import addon="script.module.addon.common"/>"
        <import addon="script.module.urlresolver"/>"
        <import addon="script.module.requests"/>"
        <import addon="script.module.tsresolver"/>"
  </requires>
  <extension point="xbmc.python.pluginsource"
            library="default.py">
    <provides>video</provides>
  </extension>
  <extension point="xbmc.addon.metadata">
    <summary> Movies and series from egybest.co </summary>
    <description> Movies and series from egybest.co </description>
   <platform>all</platform>
  </extension>
</addon>