<?xml version="1.0" encoding="UTF-8"?>
<addon
  id="plugin.video.arabhd"
  version="1.0.0"
  name="ARABHD"
  provider-name="Made by mfaraj,opesboy">
  <requires>
    <import addon="xbmc.python"
            version="2.1.0"/>
	<import addon="script.module.urlresolver" version="1.0.0"/>	
			
  </requires>
  <extension point="xbmc.python.pluginsource"
             library="default.py">
    <provides>video</provides>
  </extension>
  <extension point="xbmc.addon.metadata">
    <summary>MOVIES Arabic plugin from arabhd.co</summary>
    <description>MOVIES Arabic plugin from arabhd.co</description>
   
    <platform>all</platform>
  </extension>
</addon>
