<?xml version="1.0" encoding="UTF-8"?>
<addon
 id="plugin.video.EL7L"
  version="2.2.5"
 name="EL7L.TV"
 provider-name="mfaraj,opesboy">
 <requires>
        <import addon="xbmc.python" version="2.1.0" optional="true" />

        <import addon="script.module.addon.common"/>"
        <import addon="script.module.urlresolver"/>"
        <import addon="script.module.requests"/>"
        <import addon="script.module.tsresolver"/>"
  </requires>
  <extension point="xbmc.python.pluginsource"
            library="default.py">
    <provides>video</provides>
  </extension>
  <extension point="xbmc.addon.metadata">
    <summary> MOVIES Arabic plugin from EL7L.Tv </summary>
    <description> MOVIES Arabic plugin from EL7L.Tv </description>
   <platform>all</platform>
  </extension>
</addon>