<?xml version="1.0" encoding="UTF-8"?>
<addon id="plugin.video.assyiartv"
       name="AssyriaTV"
       version="1.0.3"
       provider-name="mfaraj">
  <requires>
      <import addon="script.module.addon.common"/>"
        <import addon="script.module.urlresolver"/>"
        <import addon="script.module.requests"/>"
  </requires>
  <extension point="xbmc.python.pluginsource"
            library="default.py">
        <provides>video</provides>
  </extension>
  <extension point="xbmc.addon.metadata">
    <summary>Assyria Tv</summary>
    <description>videos from AssyriaTV</description>
    <platform>all</platform>
  </extension>
</addon>
