<?xml version="1.0" encoding="UTF-8"?>
<addon id="plugin.video.alfajertv"
       name="AlFajer TV"
       version="1.0.4"
       provider-name="mfaraj,opesboy">
  <requires>
        <import addon="xbmc.python" version="2.1.0"/>
        
        <import addon="script.module.addon.common" version="2.0.0" />
		
		</requires>
  <extension point="xbmc.python.pluginsource"
            library="default.py">
        <provides>video</provides>
  </extension>
  <extension point="xbmc.addon.metadata">
    <summary>alfajertv</summary>
    <description>http://www.alfajertv.com/</description>
    <platform>all</platform>
  </extension>
</addon>
