<?xml version="1.0" encoding="UTF-8"?>
<addon
 id="plugin.video.tvfun"
  version="1.0.7"
 name="TVfun"
 provider-name="TSmedia Team">
 <requires>
        <import addon="xbmc.python" version="2.1.0" optional="true" />

        <import addon="script.module.addon.common"/>"
        <import addon="script.module.urlresolver"/>"
        <import addon="script.module.requests"/>"
        <import addon="script.module.tsresolver"/>"
  </requires>
  <extension point="xbmc.python.pluginsource"
            library="default.py">
    <provides>video</provides>
  </extension>
  <extension point="xbmc.addon.metadata">
    <summary>    https://www.tvfun.ma    </summary>
    <description>    series only from https://www.tvfun.ma
most servers are dailymotion with many resoltions    </description>
   <platform>all</platform>
  </extension>
</addon>